<?xml version="1.0" encoding="UTF-8"?>
<!DOCTYPE mapper
	 PUBLIC "-//mybatis.org//DTD Mapper 3.0//EN"
	 "http://mybatis.org/dtd/mybatis-3-mapper.dtd">
<mapper namespace="com.kitri.project.diet.service.impl.DietMapper">

	<resultMap id="DietResult" type="com.kitri.project.diet.web.Diet">
		<result column="num" property="num" />
		<result column="f_level" property="f_level" />
		<result column="f_date" property="f_date" />
		<result column="mealtime" property="mealtime" />
		<result column="f" property="f" />
	</resultMap>

	<insert id="insertDiet" parameterType="com.kitri.project.diet.web.Diet">
		insert into food values(NEXTVAL(seq_food_num), #{f_level}, #{f_date}, #{mealtime}, #{f})
	</insert>	

	<select id="selectDietList" resultMap="DietResult">
		select * from food
	</select>
	
	<select id="selectDiet" parameterType="int" resultMap="DietResult">
		select * from food where num=#{num}
	</select>
	
	<select id="selectDietDateList" parameterType="String" resultMap="DietResult">
		select * from food where f_date=#{date}
	</select>
	
	<select id="selectDietListF" parameterType="String" resultMap="DietResult">
		select * from food where f_level= #{f_level}
	</select>
	
	<update id="updateDiet" parameterType="com.kitri.project.diet.web.Diet">
		update food set f_level=#{f_level}, mealtime=#{mealtime}, f=#{f} where num=#{num}
	</update>
	
	<delete id="deleteDiet" parameterType="int">
		delete 
		  from food 
		 where num=#{num}
	</delete>
	
	<select id="countDietDate"  parameterType="String" resultType="java.lang.Integer">
		select count(*) from food where f_date=#{date}
	</select>
	
	<select id="listAll" parameterType="hashMap" resultMap="DietResult">
	<![CDATA[
		select num, f_level, f_date, mealtime, f
		  from (select ROW_NUMBER() OVER(PARTITION BY num) as rnum, num, f_level, f_date, mealtime, f
		   		  from food where f_date=#{date})f1
		 WHERE rnum >= #{start} AND rnum <= #{end}
	]]>
	</select>
	
</mapper>