<?xml version="1.0" encoding="UTF-8"?>
<!DOCTYPE mapper
	 PUBLIC "-//mybatis.org//DTD Mapper 3.0//EN"
	 "http://mybatis.org/dtd/mybatis-3-mapper.dtd">
<mapper namespace="com.kitri.project.exercise.ExerciseDao">

	<resultMap id="ExerciseResult" type="com.kitri.project.exercise.Exercise">
		<result column="num" property="num" />
		<result column="w_level" property="w_level" />
		<result column="title" property="title" />
		<result column="w_date" property="w_date" />
		<result column="contents" property="contents" />
	</resultMap>

	<insert id="insert" parameterType="com.kitri.project.exercise.Exercise">
		insert into workout values(NEXTVAL(seq_workout_num), #{w_level}, #{title}, #{w_date}, #{contents})
	</insert>
	
	<select id="select" parameterType="int" resultMap="ExerciseResult">
		select * from workout where w_level = #{w_level}
	</select>
	
	<select id="selectAll" resultMap="ExerciseResult">
		select * from workout
	</select>
	
	<select id="selectAdExercise" parameterType="int" resultMap="ExerciseResult">
		select * from workout where num = #{num}
	</select>
	
	<update id="update" parameterType="com.kitri.project.exercise.Exercise">
		update workout set title= #{title}, contents=#{contents} where num = #{num}
	</update>
	
	<delete id="deleteAdExercise" parameterType="int">
		delete
		  from workout where num = #{num}
	</delete>
	
	<select id="selectExerciseListF" parameterType="int" resultMap="ExerciseResult">
		select * from workout where w_level = #{w_level}
	</select>
	
	<select id="selectExerciseDate" parameterType="String" resultMap="ExerciseResult">
		select * from workout where w_date = #{date}
	</select>
	
	<select id="countExerciseDate" parameterType="String" resultType="java.lang.Integer">
		select count(*) from workout where w_date=#{date}
	</select>
	
	<select id="listAll" parameterType="hashMap" resultMap="ExerciseResult">
	<![CDATA[
		select num,w_level,title,w_date,contents 
		  from (select ROW_NUMBER() OVER(PARTITION BY num) as rnum, num, w_level, title, w_date, contents 
		   		  from workout where w_date=#{date})w
		 WHERE rnum >= #{start} AND rnum <= #{end}
	]]>
	</select>

</mapper>