<?xml version="1.0" encoding="UTF-8"?>
<!DOCTYPE mapper
	 PUBLIC "-//mybatis.org//DTD Mapper 3.0//EN"
	 "http://mybatis.org/dtd/mybatis-3-mapper.dtd">
<mapper namespace="com.kitri.project.inbody.InbodyDao">

	<resultMap id="inbodyResult" type="com.kitri.project.inbody.Inbody">
		<result column="id" property="id" />
		<result column="i_date" property="i_date" />
		<result column="height" property="height" />
		<result column="weight" property="weight" />
		<result column="muscle" property="muscle" />
		<result column="fat" property="fat" />
		<result column="bmi" property="bmi" />
		
	</resultMap>
	
	<insert id="insert" parameterType="com.kitri.project.inbody.Inbody">
		insert into inbody values(#{id}, CURDATE(), #{height}, #{weight}, #{muscle}, #{fat}, #{bmi})
	</insert>
	
	<select id="select" parameterType="com.kitri.project.inbody.Inbody" resultMap="inbodyResult">
		select * from inbody where id=#{id}
	</select>
	
	<select id="selectAll" resultMap="inbodyResult">
		select * from inbody
	</select>
	
	<update id="update" parameterType="com.kitri.project.inbody.Inbody">
		update inbody set i_date=CURDATE(), height=#{height}, weight=#{weight}, muscle=#{muscle}, fat=#{fat}, bmi=#{bmi} where id=#{id}
	</update>
	
	<delete id="delete" parameterType="String">
		delete
		  from inbody 
		 where id=#{id}
	</delete>
	
</mapper>
