<?xml version="1.0" encoding="UTF-8"?>
<!DOCTYPE mapper
	 PUBLIC "-//mybatis.org//DTD Mapper 3.0//EN"
	 "http://mybatis.org/dtd/mybatis-3-mapper.dtd">
<mapper namespace="com.kitri.project.member.MemberDao">
	<resultMap id="memResult" type="com.kitri.project.member.Member">
		<result column="id" property="id" />
		<result column="pwd" property="pwd" />
		<result column="name" property="name" />
		<result column="tel" property="tel" />
		<result column="address" property="address" />
		<result column="email" property="email" />
		<result column="f_level" property="f_level" />
		<result column="w_level" property="w_level" />
		<result column="admin_confirm" property="admin_confirm" />
		<result column="sex" property="sex" />
		<result column="age" property="age" />
		<result column="postnum" property="postnum" />
	</resultMap>
	<resultMap type="com.kitri.project.member.MemberEmailAuthJoin" id="emailResult">
		<result column="id" property="id" />
		<result column="email" property="email" />
		<result column="auth_confirm" property="auth_confirm" />
	</resultMap>
	
	<insert id="insert" parameterType="com.kitri.project.member.Member">
		insert into member values(#{id},#{pwd},#{name},#{tel},#{address},#{email},default,default,default,#{sex},#{age},#{postnum})
	</insert>
	
	<update id="adminConfirm" parameterType="String">
		update member set admin_confirm='o' where id=#{id}
	</update>
	
	<update id="update" parameterType="com.kitri.project.member.Member">
		update member set name=#{name}, tel=#{tel}, address=#{address}, pwd=#{pwd} where id=#{id}
	</update>
	
	<select id="select" parameterType="com.kitri.project.member.Member" resultMap="memResult">
		select * from member where id=#{id}
	</select>
	
	<select id="selectEmail" parameterType="com.kitri.project.member.Member" resultMap="memResult">
		select * from member where email=#{email}
	</select>
	
	<select id="selectReservation" resultMap="memResult">
		select * from member where admin_confirm='x'
	</select>
	
	<select id="selectReservationComplete" resultMap="memResult">
		select * from member where admin_confirm='o' and id=#{id}
	</select>
	
	<select id="selectAll" resultMap="memResult">
		select * from member
	</select>
	
	<select id="selectEmailConfirm" resultMap="emailResult" >
		select m.id,m.email,mea.auth_confirm 
		from member m join memberemailauth mea
		on m.id=mea.id
		where mea.id = #{id}
	</select>
	
	<select id="countMember" resultType="java.lang.Integer">
		select count(*) 
		  from member 
	</select>
	
	<select id="selectMemberList" parameterType="hashMap" resultMap="memResult">
		<![CDATA[
		select rnum, ID, PWD, NAME, TEL, ADDRESS, EMAIL, F_LEVEL, W_LEVEL, ADMIN_CONFIRM, SEX, AGE, POSTNUM 
		  from (select ROW_NUMBER() OVER() as rnum, ID, PWD, NAME, TEL, ADDRESS, EMAIL, F_LEVEL, W_LEVEL, ADMIN_CONFIRM, SEX, AGE, POSTNUM 
		   		  from member)m
		 WHERE rnum >= #{start} AND rnum <= #{end}
	]]>
	</select>
	
	<select id="reservationCount" resultType="java.lang.Integer">
		select count(*) 
		  from member 
		 where admin_confirm='x'
	</select>
	
	<select id="reservationList" parameterType="hashMap" resultMap="memResult">
		<![CDATA[
			select rnum, ID, PWD, NAME, TEL, ADDRESS, EMAIL, F_LEVEL, W_LEVEL, ADMIN_CONFIRM, SEX, AGE, POSTNUM 
			  from (select ROW_NUMBER() OVER() as rnum, ID, PWD, NAME, TEL, ADDRESS, EMAIL, F_LEVEL, W_LEVEL, ADMIN_CONFIRM, SEX, AGE, POSTNUM 
			   		  from member
			   		 where admin_confirm='x')m
			 WHERE rnum >= #{start} AND rnum <= #{end}
		]]>
	</select>
</mapper>