<?xml version="1.0" encoding="UTF-8"?>
<!DOCTYPE mapper
	 PUBLIC "-//mybatis.org//DTD Mapper 3.0//EN"
	 "http://mybatis.org/dtd/mybatis-3-mapper.dtd">
<mapper namespace="com.kitri.project.notice.service.impl.NoticeMapper">
	<resultMap id="noticeResult" type="com.kitri.project.notice.web.Notice">
		<result column="num" property="num" />
		<result column="title" property="title" />
		<result column="content" property="content" />
		<result column="reg_date" property="reg_date" />
		<result column="hits" property="hits" />
	</resultMap>
	
	<select id="selectNoticeList" resultMap="noticeResult">
		select * 
		  from notice
	</select>	
	
	<select id="selectNotice" parameterType="int" resultMap="noticeResult">
		select * 
		  from notice 
		 where num = #{num}
	</select>	
	
	<insert id="insertNotice" parameterType="com.kitri.project.notice.web.Notice">
		insert into notice 
		values (NEXTVAL(seq_notice_num), #{title}, #{content}, CURDATE(), 0, 'admin')
	</insert>

	<update id="updateNotice" parameterType="com.kitri.project.notice.web.Notice">
		update notice
		   set title = #{title}, content = #{content} 
		 where num = #{num}	
	</update>
	
	<update id="addHits" parameterType="com.kitri.project.notice.web.Notice">
		update notice 
		   set hits = #{hits}+1 
		 where num=${num}
	</update>
	
	<delete id="deleteNotice" parameterType="int">
		delete 
		  from notice
		 where num = #{num}
	</delete>
	
	<select id="countNotice" resultType="java.lang.Integer">
		select count(*)
		  from notice
	</select>
	
	<select id="selectAll" parameterType="hashMap" resultMap="noticeResult">
		<![CDATA[
		select rnum, num, title, content, reg_date, hits, id
		  from (select ROW_NUMBER() OVER(PARTITION BY num) as rnum, num, title, content, reg_date, hits, id
		   		  from notice)n
		 WHERE rnum >= #{start} AND rnum <= #{end}
		]]>
	</select>
</mapper>