<?xml version="1.0" encoding="UTF-8"?>
<!DOCTYPE mapper
	 PUBLIC "-//mybatis.org//DTD Mapper 3.0//EN"
	 "http://mybatis.org/dtd/mybatis-3-mapper.dtd">
<mapper namespace="com.kitri.project.qa.service.impl.QaMapper">
	<resultMap id="qaResult" type="com.kitri.project.qa.web.Qa">
		<result column="q_num" property="q_num" />
		<result column="title" property="title" />
		<result column="content" property="content" />
		<result column="reg_date" property="reg_date" />
	</resultMap>
	
	<select id="selectQaList" resultMap="qaResult">
		select *
		  from qa
	</select>
	
	<select id="selectQa" parameterType="int" resultMap="qaResult">
		Select * 
		  from qa 
		 where q_num = #{q_num}
	</select>
	
	<insert id="insertQa" parameterType="com.kitri.project.qa.web.Qa">
		insert into qa 
		values (NEXTVAL(seq_qa_num), #{title}, #{content}, CURDATE(), 'admin')
	</insert>
	
	<update id="updateQa" parameterType="com.kitri.project.qa.web.Qa">
		update qa 
		   set title = #{title}, content = #{content} 
		 where q_num = #{q_num}
	</update>
	
	<delete id="deleteQa" parameterType="int">
		delete 
		  from qa 
		 where q_num = #{q_num}
	</delete>
	
	<select id="countQaList" resultType="java.lang.Integer">
		select count(*)
		  from qa
	</select>
	
	<select id="listAll" parameterType="hashMap" resultMap="qaResult">
		<![CDATA[
		select rnum, Q_NUM, TITLE, CONTENT, REG_DATE
		  from (select ROW_NUMBER() OVER(PARTITION BY q_num) as rnum, Q_NUM, TITLE, CONTENT, REG_DATE
		   		  from qa)q
		 WHERE rnum >= #{start} AND rnum <= #{end}
		]]>
	</select>
	
</mapper>