<?xml version="1.0" encoding="UTF-8"?>
<!DOCTYPE mapper
	 PUBLIC "-//mybatis.org//DTD Mapper 3.0//EN"
	 "http://mybatis.org/dtd/mybatis-3-mapper.dtd">
<mapper namespace="com.kitri.project.qa11.service.impl.Qa11Mapper">
	<resultMap id="qa11Result" type="com.kitri.project.qa11.web.Qa11">
		<result column="code" property="code" />
		<result column="originNo" property="originNo" />
		<result column="groupOrd" property="groupOrd" />
		<result column="title" property="title" />
		<result column="content" property="content" />
		<result column="id" property="id" />
		<result column="reg_date" property="reg_date" />
		<result column="b2c_qa_check" property="b2c_qa_check" />
	</resultMap>
	
	<select id="selectQa11ListAdNot" resultMap="qa11Result">
		select *
		  from b2c_qa	
	     where not id='admin'
	</select>
	
	<select id="selectQa11List" resultMap="qa11Result">
		select *
		  from b2c_qa	
	  ORDER BY originNo DESC, groupOrd ASC
	</select>
	
	<select id="uaSelectQa" parameterType="String" resultMap="qa11Result">
		select *
		  from b2c_qa
		 where id = #{id} or id = 'admin'
      ORDER BY originNo DESC, groupOrd ASC
	</select>
	
	<select id="selectQa11Ad" parameterType="int" resultMap="qa11Result">
		select *
		  from b2c_qa
		 where b2c_qa_check = #{i} and not id='admin'
		
	</select>
	
	<select id="adSelectQa11Id" parameterType="String" resultMap="qa11Result">
		select *
		  from b2c_qa
		 where id like '%' || #{id} || '%' and not id='admin'
		
	</select>
	
	<select id="selectQa11" parameterType="int" resultMap="qa11Result">
		select *
		  from b2c_qa
		 where code = #{code}
	</select>
	
	<select id="selectQa11Id" parameterType="String" resultMap="qa11Result">
		select *
		  from b2c_qa
		 where id = #{id}
	</select>
	
	<select id="detailQa11" parameterType="int" resultMap="qa11Result">
		select *
		  from b2c_qa
		 where originno=#{orginno} and groupord = 0
	</select>
	
	<select id="detailAdQa11" parameterType="int" resultMap="qa11Result">
		select *
		  from b2c_qa
		 where originno=#{orginno} and groupord = 1
	</select>
	
	<insert id="insertQa11" parameterType="com.kitri.project.qa11.web.Qa11">
		<![CDATA[
		insert into b2c_qa
		values((select * from (select max(code)+1 from b2c_qa)next1), (select * from (select max(code)+1 from b2c_qa)next1), 0, #{title}, #{content}, #{id}, CURDATE(),0)
		]]>
	</insert>
	
	<insert id="insertAdQa11" parameterType="com.kitri.project.qa11.web.Qa11">
		insert into b2c_qa
		values ((select * from (select max(code)+1 from b2c_qa)next1), #{originNo}, 1, #{title}, #{content}, #{id}, CURDATE(),0)
	</insert>
	
	<update id="updateQa11CheckTrue" parameterType="int">
		update b2c_qa
		   set b2c_qa_check = 1
		 where code = #{code}
	</update>
	
	<update id="updateQa11" parameterType="com.kitri.project.qa11.web.Qa11">
		update b2c_qa
		   set title = #{title}, content = #{content}
		 where code = #{code}
	</update>
	
	<update id="updateupdateQa11CheckFalse" parameterType="int">
		update b2c_qa
		   set b2c_qa_check = 0
		 where code = #{code}
	</update>
	
	<delete id="deleteQa11" parameterType="int">
		delete 
		  from b2c_qa
		 where code = #{code}
	</delete>
	
	<delete id="uaDeleteQa11" parameterType="int">
		delete 
		  from b2c_qa
		 where originNo = #{originNo}
	</delete>
	
	<select id="countQa11ListAdNot" resultType="java.lang.Integer">
		select count(*) 
		  from b2c_qa 
	</select>
	
	<select id="listAll" parameterType="hashMap" resultMap="qa11Result">
		<![CDATA[
		select rnum, code, originno, groupord, title, content, id, reg_date, b2c_qa_check 
		  from (select row_number() over(partition by code) as rnum, code, originno, groupord, title, content, id, reg_date, b2c_qa_check 
		   		  from b2c_qa)q
		 where rnum >= #{start} and rnum <= #{end}
		]]>
	</select>
	
	<select id="countQa11"  parameterType="String" resultType="java.lang.Integer">
		select count(*) 
		  from b2c_qa 
		  where id = #{id} or id = 'admin'
	</select>
	
</mapper>