<?xml version="1.0" encoding="UTF-8"?>
<beans:beans
	xmlns="http://www.springframework.org/schema/mvc"
	xmlns:xsi="http://www.w3.org/2001/XMLSchema-instance"
	xmlns:beans="http://www.springframework.org/schema/beans"
	xmlns:context="http://www.springframework.org/schema/context"
	xsi:schemaLocation="http://www.springframework.org/schema/mvc http://www.springframework.org/schema/mvc/spring-mvc.xsd
		http://www.springframework.org/schema/beans http://www.springframework.org/schema/beans/spring-beans.xsd
		http://www.springframework.org/schema/context http://www.springframework.org/schema/context/spring-context.xsd">

	<!-- DispatcherServlet Context: defines this servlet's request-processing 
		infrastructure -->

	<!-- Enables the Spring MVC @Controller programming model -->
	<annotation-driven />

	<!-- Handles HTTP GET requests for /resources/** by efficiently serving 
		up static resources in the ${webappRoot}/resources directory -->
	<resources mapping="/resources/**" location="/resources/" />
	<resources mapping="/assets/**" location="/resources/assets/" />
	<resources mapping="/css/**" location="/resources/css/" />
	<resources mapping="/demos/**" location="/resources/demos/" />
	<resources mapping="/images/**" location="/resources/images/" />
	<resources mapping="/include/**"
		location="/resources/include/" />
	<resources mapping="/js/**" location="/resources/js/" />
	<resources mapping="/less/**" location="/resources/less/" />
	<resources mapping="/sass/**" location="/resources/sass/" />
	<resources mapping="/lang/**" location="/resources/lang/" />

	<beans:bean id="tilesViewResolver"
		class="org.springframework.web.servlet.view.UrlBasedViewResolver">
		<beans:property name="viewClass"
			value="org.springframework.web.servlet.view.tiles3.TilesView" />
		<beans:property name="order" value="0" />
	</beans:bean>

	<beans:bean id="tilesConfigurer"
		class="org.springframework.web.servlet.view.tiles3.TilesConfigurer">
		<beans:property name="definitions">
			<beans:list>
				<beans:value>/WEB-INF/tilse/default-tiles.xml</beans:value>
				<beans:value>/WEB-INF/tilse/admin-tiles.xml</beans:value>
			</beans:list>
		</beans:property>
	</beans:bean>

	<!-- Resolves views selected for rendering by @Controllers to .jsp resources 
		in the /WEB-INF/views directory -->
	<beans:bean
		class="org.springframework.web.servlet.view.InternalResourceViewResolver">
		<beans:property name="prefix" value="/WEB-INF/views/" />
		<beans:property name="suffix" value=".jsp" />
		<beans:property name="order" value="1" />
	</beans:bean>

	<context:component-scan
		base-package="com.kitri.project" />

	<!-- MariaDB JDBC DataSource -->
<!-- 	<beans:bean id="dataSource" -->
<!-- 		class="org.springframework.jdbc.datasource.DriverManagerDataSource"> -->
<!-- 		<beans:property name="driverClassName"> -->
<!-- 			<beans:value>org.mariadb.jdbc.Driver</beans:value> -->
<!-- 		</beans:property> -->
<!-- 		<beans:property name="url"> -->
<!-- 			<beans:value>jdbc:mariadb://mariadb.ckpdxgukkdwo.ap-northeast-2.rds.amazonaws.com:3306/anyfit</beans:value> -->
<!-- 		</beans:property> -->
<!-- 		<beans:property name="username"> -->
<!-- 			<beans:value>anyfit</beans:value> -->
<!-- 		</beans:property> -->
<!-- 		<beans:property name="password"> -->
<!-- 			<beans:value>wjdqhqhdks</beans:value> -->
<!-- 		</beans:property> -->
<!-- 	</beans:bean> -->
	
	<!-- MariaDB JDBC DataSource -->
	<beans:bean id="dataSource"
		class="org.springframework.jdbc.datasource.DriverManagerDataSource">
		<beans:property name="driverClassName">
			<beans:value>org.mariadb.jdbc.Driver</beans:value>
		</beans:property>
		<beans:property name="url">
			<beans:value>jdbc:mariadb://127.0.0.1:3306/test</beans:value>
		</beans:property>
		<beans:property name="username">
			<beans:value>root</beans:value>
		</beans:property>
		<beans:property name="password">
			<beans:value>anyfit</beans:value>
		</beans:property>
	</beans:bean>

	<!-- Oracle -->
	<!-- <beans:bean id="dataSource"
		class="org.springframework.jdbc.datasource.DriverManagerDataSource">
		<beans:property name="driverClassName">
			<beans:value>oracle.jdbc.driver.OracleDriver</beans:value>
		</beans:property>
		<beans:property name="url">
			<beans:value>jdbc:oracle:thin:@localhost:1521:xe</beans:value>
		</beans:property>
		<beans:property name="username">
			<beans:value>anyfit</beans:value>
		</beans:property>
		<beans:property name="password">
			<beans:value>anyfit</beans:value>
		</beans:property>
	</beans:bean> -->

	<!-- transactionManager -->
	<beans:bean id="transactionManager"
		class="org.springframework.jdbc.datasource.DataSourceTransactionManager">
		<beans:property name="dataSource" ref="dataSource" />
	</beans:bean>

	<!-- sqlSessionFactory -->
	<beans:bean id="sqlSessionFactory"
		class="org.mybatis.spring.SqlSessionFactoryBean">
		<beans:property name="dataSource" ref="dataSource" />
		<beans:property name="typeAliasesPackage"
			value="mybatis" />
		<beans:property name="mapperLocations"
			value="classpath:/mappers/*.xml" />
	</beans:bean>

	<!-- sqlSession -->
	<beans:bean id="sqlSession"
		class="org.mybatis.spring.SqlSessionTemplate">
		<beans:constructor-arg name="sqlSessionFactory"
			ref="sqlSessionFactory" />
	</beans:bean>
	
	<beans:bean id="multipartResolver" class="org.springframework.web.multipart.commons.CommonsMultipartResolver">
		<beans:property name="maxUploadSize" value="10000000" />
		<beans:property name="defaultEncoding" value="utf-8" />
	</beans:bean>

	<!-- 메일 인증 -->
	<beans:bean id="mailSender"
		class="org.springframework.mail.javamail.JavaMailSenderImpl">
		<beans:property name="host" value="smtp.gmail.com" />
		<beans:property name="port" value="587" />
		<beans:property name="username" value="sjhello235@gmail.com" />
		<beans:property name="password" value="rlatkdwls@35" />

		<beans:property name="javaMailProperties">
			<beans:props>
				<beans:prop key="mail.transport.protocol">smtp</beans:prop>
				<beans:prop key="mail.smtp.auth">true</beans:prop>
				<beans:prop key="mail.smtp.starttls.enable">true</beans:prop>
				<beans:prop key="mail.debug">true</beans:prop>
			</beans:props>
		</beans:property>
	</beans:bean>


</beans:beans>


