<?xml version="1.0" encoding="UTF-8" ?>
<!DOCTYPE tiles-definitions PUBLIC "-//Apache Software Foundation//DTD Tiles Configuration 2.1//EN" "http://tiles.apache.org/dtds/tiles-config_2_1.dtd">

<tiles-definitions>
	<definition name="admin" template="/WEB-INF/views/comn/admin/admin-layout.jsp">
		<put-attribute name="loading" value="/WEB-INF/views/comn/admin/admin-loading.jsp"/>
		<put-attribute name="head" value="/WEB-INF/views/comn/admin/admin-head.jsp"/>
		<put-attribute name="header" value="/WEB-INF/views/comn/admin/admin-header.jsp"/>
		<put-attribute name="nav" value="/WEB-INF/views/comn/admin/admin-nav.jsp"/>
		<put-attribute name="content" />
		<put-attribute name="footer" value="/WEB-INF/views/comn/admin/admin-footer.jsp"/>
	</definition>
	
	<definition name="*/*.admin" extends="admin">
		<put-attribute name="content" value="/WEB-INF/views/{1}/{2}.jsp"/>
	</definition>

</tiles-definitions>
